{
  "descriptive": {
    "leadTime": {
      "count": 30,
      "mean": 0.9071523919753086,
      "median": 0.0015046296296296296,
      "mode": 0.0008796296296296296,
      "std_dev": 2.451970795303671,
      "variance": 6.012160781022118,
      "min": 0.00005787037037037037,
      "max": 11.851516203703703,
      "q1": 0.0008015046296296297,
      "q3": 0.04984375,
      "p90": 2.095287037037038,
      "p95": 4.96974421296295,
      "iqr": 0.04904224537037037,
      "cv": 2.7029315217529737,
      "skewness": 3.811104643405686,
      "kurtosis": 15.08635964148671
    },
    "cycleTime": {
      "count": 30,
      "mean": 0.8192091049382716,
      "median": 0.0008275462962962963,
      "mode": 0.0007060185185185185,
      "std_dev": 2.438360871441212,
      "variance": 5.945603739375546,
      "min": -0.03575231481481481,
      "max": 11.851516203703703,
      "q1": 0.0005381944444444444,
      "q3": 0.02677372685185185,
      "p90": 1.7440347222222226,
      "p95": 4.738008101851838,
      "iqr": 0.026235532407407405,
      "cv": 2.9764816537591408,
      "skewness": 3.9812749218691845,
      "kurtosis": 16.14244349590143
    },
    "reviewTime": {
      "count": 30,
      "mean": 0.0003599537037037037,
      "median": 0,
      "mode": 0,
      "std_dev": 0.0004969790245705088,
      "variance": 2.4698815086305434e-7,
      "min": 0,
      "max": 0.0016203703703703703,
      "q1": 0,
      "q3": 0.00078125,
      "p90": 0.0010555555555555555,
      "p95": 0.001248263888888888,
      "iqr": 0.00078125,
      "cv": 1.3806748463952399,
      "skewness": 1.0715083060250559,
      "kurtosis": -0.04178789332200772
    },
    "complexity": {
      "count": 30,
      "mean": 0.6666666666666666,
      "median": 0,
      "mode": 0,
      "std_dev": 2.4944382578492967,
      "variance": 6.222222222222234,
      "min": 0,
      "max": 10,
      "q1": 0,
      "q3": 0,
      "p90": 0,
      "p95": 5.499999999999972,
      "iqr": 0,
      "cv": 3.7416573867739453,
      "skewness": 3.8509316876543838,
      "kurtosis": 13.297110798342262
    },
    "comments": {
      "count": 30,
      "mean": 0,
      "median": 0,
      "mode": 0,
      "std_dev": 0,
      "variance": 0,
      "min": 0,
      "max": 0,
      "q1": 0,
      "q3": 0,
      "p90": 0,
      "p95": 0,
      "iqr": 0,
      "cv": 0,
      "skewness": 0,
      "kurtosis": 0
    },
    "assignees": {
      "count": 30,
      "mean": 1,
      "median": 1,
      "mode": 1,
      "std_dev": 0,
      "variance": 0,
      "min": 1,
      "max": 1,
      "q1": 1,
      "q3": 1,
      "p90": 1,
      "p95": 1,
      "iqr": 0,
      "cv": 0,
      "skewness": 0,
      "kurtosis": 0
    }
  },
  "anomalies": {
    "iqrOutliers": [
      {
        "index": 2,
        "value": 11.851516203703703,
        "isOutlier": true,
        "zScore": 4.463496805382202,
        "severity": "critical"
      },
      {
        "index": 18,
        "value": 1.6248032407407407,
        "isOutlier": true,
        "zScore": 0.292683277525152,
        "severity": "low"
      },
      {
        "index": 20,
        "value": 1.7109027777777779,
        "isOutlier": true,
        "zScore": 0.3277976994432051,
        "severity": "low"
      },
      {
        "index": 22,
        "value": 0.3125,
        "isOutlier": true,
        "zScore": -0.2425201772852528,
        "severity": "low"
      },
      {
        "index": 24,
        "value": 2.0438425925925925,
        "isOutlier": true,
        "zScore": 0.4635822754473335,
        "severity": "low"
      },
      {
        "index": 27,
        "value": 2.558287037037037,
        "isOutlier": true,
        "zScore": 0.6733908283998297,
        "severity": "low"
      },
      {
        "index": 29,
        "value": 6.942754629629629,
        "isOutlier": true,
        "zScore": 2.4615310464604554,
        "severity": "high"
      }
    ],
    "zScoreOutliers": [
      {
        "index": 2,
        "value": 11.851516203703703,
        "zScore": 4.463496805382202,
        "isOutlier": true,
        "severity": "critical"
      }
    ],
    "patterns": [
      {
        "type": "lead_time_spike",
        "severity": "critical",
        "metric": "lead_time_p90",
        "current": 2.352509259259259,
        "baseline": 0.025479166666666664,
        "increase_pct": 9133.069864631598,
        "message": "リードタイムP90が過去平均の9233%に増加（2.35日 → 0.03日）"
      },
      {
        "type": "inconsistent_velocity",
        "severity": "medium",
        "metric": "cycle_time_variability",
        "current": 2.0971262621199513,
        "cv": 2.0971262621199513,
        "message": "変動係数が1を超過（2.10）。予測可能性が低下しています"
      }
    ]
  },
  "correlations": {
    "topFactors": {
      "leadTime": [
        {
          "factor": "cycleTime",
          "correlation": 0.9823658450847591,
          "absCorrelation": 0.9823658450847591,
          "pValue": 0,
          "strength": "strong",
          "rSquared": 0.9650426535890929
        },
        {
          "factor": "complexity",
          "correlation": 0.5470238595471526,
          "absCorrelation": 0.5470238595471526,
          "pValue": 0.0005447123622672745,
          "strength": "moderate",
          "rSquared": 0.29923510291386296
        }
      ],
      "cycleTime": [
        {
          "factor": "leadTime",
          "correlation": 0.9823658450847591,
          "absCorrelation": 0.9823658450847591,
          "pValue": 0,
          "strength": "strong",
          "rSquared": 0.9650426535890929
        },
        {
          "factor": "complexity",
          "correlation": 0.5597163143651599,
          "absCorrelation": 0.5597163143651599,
          "pValue": 0.0003516100028146951,
          "strength": "moderate",
          "rSquared": 0.3132823525665185
        }
      ],
      "reviewTime": [],
      "complexity": [
        {
          "factor": "cycleTime",
          "correlation": 0.5597163143651599,
          "absCorrelation": 0.5597163143651599,
          "pValue": 0.0003516100028146951,
          "strength": "moderate",
          "rSquared": 0.3132823525665185
        },
        {
          "factor": "leadTime",
          "correlation": 0.5470238595471526,
          "absCorrelation": 0.5470238595471526,
          "pValue": 0.0005447123622672745,
          "strength": "moderate",
          "rSquared": 0.29923510291386296
        }
      ],
      "comments": [],
      "assignees": []
    }
  }
}